{"_wandb":{"runtime":16},"loos":0.01325581781566143,"score":0,"steps/100":12.18,"_timestamp":1.7460449194114401e+09,"_runtime":13.659706,"_step":1}