{"score":0,"_timestamp":1.746044549025376e+09,"_runtime":35.0069401,"_step":6,"_wandb":{"runtime":38},"loos":0.01574900560081005}