{"steps/100":12,"_timestamp":1.746045043839697e+09,"_runtime":13.5368824,"_step":1,"_wandb":{"runtime":17},"loos":0.016527574509382248,"score":0}