{"steps/100":12.25,"_timestamp":1.7460447044600847e+09,"_runtime":29.7085048,"_step":5,"_wandb":{"runtime":34},"loos":0.010248865932226181,"score":0}