{"_runtime":26.8542274,"_wandb":{"runtime":30},"_step":3,"loos":0.024307912215590477,"score":0,"steps/100":11.84,"_timestamp":1.746044996139167e+09}